150.0,150.0,150.0,150.0,150.0,1,0
150.0,150.0,150.0,150.0,150.0,2,0
150.0,150.0,150.0,150.0,150.0,3,0
150.0,150.0,150.0,150.0,150.0,2,0
150.0,150.0,150.0,150.0,150.0,0,0
150.0,150.0,150.0,150.0,150.0,3,0
150.0,150.0,150.0,150.0,150.0,4,0
150.0,150.0,150.0,150.0,150.0,2,0
150.0,150.0,150.0,128.6349265255373,150.0,1,0
150.0,150.0,139.69278027223692,101.9996103531911,107.21578181775833,-1,0
150.0,150.0,82.21624585582983,69.22741366897428,82.16844596635471,0,1
150.0,86.02796036387066,42.28513458876651,35.730652179583394,42.222386616629876,3,1
150.0,150.0,150.0,150.0,150.0,0,0
150.0,150.0,150.0,150.0,150.0,-2,0
150.0,150.0,150.0,150.0,150.0,-2,0
150.0,150.0,150.0,150.0,150.0,2,0
150.0,150.0,150.0,150.0,150.0,1,0
150.0,150.0,150.0,150.0,150.0,-1,0
150.0,150.0,150.0,150.0,150.0,-1,0
150.0,150.0,114.33570511923281,150.0,150.0,-1,0
150.0,136.97856376359795,90.84216059573939,150.0,150.0,-2,0
48.26400311816959,53.52833491988288,136.4315564294677,150.0,150.0,-1,0
36.06990127621571,53.76948613133351,150.0,150.0,150.0,-2,0
51.303013119725144,150.0,150.0,150.0,150.0,-1,0
88.84869636726967,150.0,150.0,150.0,150.0,-1,0
150.0,150.0,150.0,150.0,150.0,-3,0
150.0,150.0,150.0,150.0,150.0,-5,0
150.0,150.0,150.0,150.0,150.0,0,0
150.0,150.0,150.0,150.0,150.0,4,0
150.0,150.0,150.0,150.0,150.0,0,0
150.0,150.0,121.51208187019523,141.00432424929556,150.0,-1,0
150.0,90.6279830413636,84.31267385767754,112.0625974704583,150.0,-3,0
55.737491344278915,52.88916166084989,71.80295876587488,150.0,150.0,1,1
150.0,150.0,150.0,150.0,150.0,0,0
150.0,150.0,150.0,150.0,150.0,0,0
150.0,150.0,150.0,150.0,150.0,0,0
150.0,150.0,150.0,150.0,150.0,0,0
150.0,150.0,150.0,150.0,150.0,0,0
150.0,150.0,127.86615154190751,150.0,150.0,0,0
150.0,103.6805343071952,87.28068119078279,103.75552898700002,150.0,-4,0
60.08070334063663,58.31911758795158,81.73250077086811,150.0,150.0,-1,1
150.0,150.0,150.0,150.0,150.0,-1,0
150.0,150.0,150.0,150.0,150.0,-3,0
150.0,150.0,150.0,150.0,150.0,0,0
150.0,150.0,150.0,150.0,150.0,2,0
150.0,150.0,150.0,150.0,150.0,0,0
150.0,150.0,150.0,150.0,150.0,0,0
150.0,150.0,150.0,150.0,150.0,0,0
137.92936242084758,118.14634523906574,143.21350422087113,150.0,150.0,0,0
98.7724079649455,84.68156091692572,102.53804543539202,150.0,150.0,0,0
59.55633531667812,51.165816726106364,61.801235669522015,132.40706250972931,150.0,-1,1
150.0,150.0,150.0,150.0,150.0,1,0
150.0,150.0,150.0,150.0,150.0,1,0
150.0,150.0,150.0,150.0,150.0,0,0
150.0,150.0,150.0,150.0,150.0,0,0
150.0,150.0,150.0,150.0,150.0,0,0
150.0,150.0,150.0,150.0,150.0,0,0
150.0,150.0,150.0,150.0,150.0,0,0
150.0,150.0,150.0,150.0,150.0,0,0
150.0,150.0,150.0,150.0,150.0,0,0
150.0,150.0,150.0,150.0,150.0,1,0
150.0,150.0,150.0,150.0,150.0,0,0
150.0,150.0,133.73680411484582,150.0,150.0,-3,0
113.62999106776864,99.80527059770301,124.1504810298268,150.0,150.0,1,0
88.07057265543676,67.58385256177665,73.71508557022995,125.19930805579095,150.0,5,1
150.0,101.56203500913654,46.532993865540206,38.29937436538346,44.16561968408359,1,1
150.0,150.0,150.0,150.0,150.0,0,0
150.0,150.0,150.0,150.0,150.0,-3,0
150.0,150.0,150.0,150.0,150.0,1,0
150.0,150.0,150.0,150.0,150.0,1,0
150.0,150.0,150.0,150.0,150.0,-2,0
150.0,150.0,150.0,150.0,150.0,-2,0
150.0,150.0,150.0,150.0,150.0,-1,0
150.0,150.0,150.0,150.0,150.0,-2,0
150.0,150.0,150.0,150.0,150.0,-1,0
150.0,150.0,150.0,150.0,150.0,0,0
150.0,150.0,150.0,146.525516262502,150.0,0,0
150.0,150.0,122.15162823252345,110.11563405406787,141.13885102717865,0,0
150.0,142.87637705895247,81.49517406976025,73.52751163475638,94.07574000293165,0,1
150.0,70.93412521245156,40.765656947460705,36.87295812837202,46.92854486641882,1,1
150.0,150.0,150.0,150.0,150.0,0,0
150.0,150.0,150.0,150.0,150.0,1,0
150.0,150.0,150.0,150.0,150.0,2,0
150.0,150.0,150.0,150.0,150.0,1,0
150.0,150.0,150.0,150.0,150.0,0,0
150.0,150.0,150.0,150.0,150.0,0,0
150.0,150.0,150.0,150.0,150.0,2,0
150.0,150.0,150.0,150.0,150.0,2,0
150.0,150.0,150.0,150.0,150.0,0,0
150.0,144.7405342465194,150.0,150.0,150.0,0,0
124.88626849153243,113.96117664869463,148.20952058678603,150.0,150.0,0,0
90.78977670752377,82.89301341702792,107.65974952580696,150.0,150.0,0,0
56.57533506934361,51.71710365252394,66.96995645582284,150.0,150.0,-2,1
150.0,150.0,150.0,150.0,150.0,1,0
150.0,150.0,150.0,150.0,150.0,0,0
150.0,150.0,150.0,150.0,150.0,1,0
150.0,150.0,150.0,150.0,150.0,5,0
150.0,150.0,150.0,150.0,150.0,5,0
150.0,127.04681056061564,135.33581175740525,150.0,150.0,4,0
150.0,150.0,114.06341127107736,99.05916718265483,121.71533589850176,3,0
150.0,150.0,150.0,97.87962229945607,80.55865918942592,3,0
150.0,150.0,150.0,150.0,102.38654879333436,4,0
150.0,150.0,150.0,150.0,150.0,4,0
150.0,150.0,150.0,150.0,150.0,3,0
150.0,150.0,150.0,150.0,150.0,1,0
150.0,150.0,150.0,150.0,150.0,1,0
150.0,150.0,150.0,150.0,150.0,1,0
150.0,150.0,150.0,150.0,140.45367666874307,-2,0
150.0,150.0,150.0,106.9345571048588,132.86019614036115,1,0
150.0,150.0,150.0,150.0,82.92603841044178,4,0
150.0,148.22520350114354,127.6797258881226,150.0,150.0,0,0
149.11686344156124,106.19362239775963,91.74447669542589,112.04855639390743,150.0,0,0
116.7726261229054,60.95542990572778,52.76971133642464,64.27549701822394,140.89155976326845,0,1
150.0,140.24171090638941,150.0,150.0,150.0,1,0
150.0,150.0,150.0,150.0,150.0,0,0
150.0,117.23743189290002,140.76838731007453,150.0,150.0,5,0
126.69684020897981,150.0,150.0,85.05140128472034,87.8347920184954,5,0
113.72949651804852,94.80684381778772,111.67340132783167,150.0,150.0,2,0
126.42402000850912,72.44396829237382,65.50179617454306,83.9323870896852,150.0,3,1
150.0,71.04232856419411,37.98908052176172,33.235323379891355,40.66642351478514,2,1
150.0,131.3035659296527,110.64075777107406,150.0,150.0,1,0
150.0,150.0,101.18585204720505,150.0,150.0,0,0
150.0,104.86904859694327,70.13784043626602,69.38521651029683,150.0,-2,1
61.25768628994291,35.11322729521036,31.708638450445235,150.0,150.0,-1,1
150.0,136.65597369349146,114.9050645172432,136.65597369349146,150.0,0,0
150.0,119.26068290659282,100.21983666471318,119.03155601838354,150.0,0,0
150.0,82.21488919369015,69.1796845249672,82.05612878050906,150.0,0,1
76.97980288262656,37.88590146457685,32.037168298378596,37.814510211087985,76.46188027803386,-2,1
150.0,137.98868626860997,115.98531616402842,150.0,150.0,2,0
150.0,150.0,128.48116179347102,104.23855871585702,150.0,0,0
150.0,150.0,97.40525195619678,79.1078711763715,90.8978779603484,0,0
150.0,150.0,60.24951526605142,49.06217888333045,56.19643420278799,0,1
150.0,131.12966294645457,110.27027198336987,131.12966294645457,150.0,-2,0
113.31146353959953,98.59038843665265,121.37914685552882,150.0,150.0,-2,0
80.88547624157572,92.51084067852214,150.0,150.0,150.0,-2,0
77.8749967787749,122.2737113758954,150.0,150.0,103.15994891915153,-1,0
88.92329007396579,150.0,150.0,150.0,150.0,-1,0
118.01438616580947,150.0,150.0,150.0,150.0,0,0
136.79992336175945,112.47483342360407,116.39166278162,150.0,150.0,0,0
102.44261255128369,73.37290639830177,75.90481669784445,117.38757887042698,150.0,0,1
47.24813721967971,34.097276839808906,35.23825354900851,54.03742236610771,150.0,1,1
150.0,134.2065581997164,150.0,150.0,130.73144702759146,3,0
117.89393789924205,150.0,150.0,111.59362122193649,150.0,0,0
150.0,150.0,145.39373459664296,92.0104229050396,150.0,0,0
150.0,150.0,108.25959987193711,68.6542248705967,65.673151383443,0,1
150.0,150.0,68.84471624043155,43.863211523778894,41.92638342542985,0,1
150.0,135.38160121472276,113.84060582060874,135.3919239706174,150.0,-2,0
117.44459497162833,102.22919044288008,125.94310645009827,150.0,150.0,-5,0
126.34125745703413,150.0,150.0,87.79442800770467,67.08131733287782,-5,0
150.0,60.81840761222673,47.764977244960164,52.95752521178315,150.0,0,1
150.0,138.10068887412575,116.13808857806876,138.15167027753014,150.0,0,0
150.0,120.62272289292234,101.48413866381112,120.68428980214732,150.0,0,0
150.0,83.63561105232982,70.4557125296055,83.67817134299311,150.0,0,0
79.7968329666558,39.366938978730865,33.3175723883593,39.386514991771755,79.93875457321981,0,1
150.0,141.89491823566746,119.29582160307454,141.9045325927478,150.0,0,0
150.0,124.65200630148111,104.83494978959794,124.64568003401149,150.0,-2,0
98.89559574280143,77.17599351066018,85.45525248558438,150.0,150.0,0,0
56.87581039418157,44.509852099547025,49.15949260896047,150.0,150.0,0,1
150.0,131.69826737475142,110.72946764540892,131.6561121151177,150.0,0,0
150.0,114.23137124334202,96.07560169052023,114.17789512340615,150.0,1,0
150.0,94.20872159193311,67.49079311518018,69.79688359857172,107.82816186463022,0,1
150.0,42.27492290729742,30.563421033388707,31.583224104058665,48.35397192781236,0,1
150.0,135.33298139760961,113.83567134323204,150.0,150.0,0,0
150.0,117.78854731757308,99.11621932284628,150.0,150.0,1,0
150.0,98.45500453788355,70.56779034720151,73.02483514170653,150.0,0,1
150.0,46.54778526588662,33.63102352233748,34.7796286393877,53.385161910388916,0,1
150.0,135.35773131516967,113.8581473837641,135.45766264423813,150.0,-3,0
107.50675710152917,112.58538556132328,150.0,150.0,115.96464887472152,-4,0
140.55812030959711,150.0,150.0,75.94036916532443,60.00066748093225,-5,0
150.0,50.181386036360415,39.87506517394654,44.56299156311202,79.32848539298139,-4,1
150.0,132.5633074394666,111.43144651833317,132.46511579627378,150.0,-4,0
107.41191386290593,136.75625361618626,150.0,150.0,76.43338428614464,-3,0
150.0,150.0,150.0,150.0,53.61037071754451,-3,1
150.0,131.2751284610673,110.43657163370416,131.38081670167037,150.0,0,0
150.0,113.95979585143866,95.84204048846162,113.89250480211561,150.0,0,0
150.0,76.97924408822156,64.83579206142109,76.93287661308172,150.0,-2,1
40.486565689327996,30.87204840366976,33.212232420805215,54.68184060152464,150.0,2,1
150.0,150.0,112.0435074861186,133.16888017178363,150.0,0,0
150.0,150.0,97.41037149349116,115.9796654189323,150.0,0,0
150.0,150.0,66.38958319090618,78.93469485980036,150.0,0,1
150.0,34.50064811917642,29.254289911590472,34.586032040966316,70.27022233826428,0,1
150.0,141.40993254326926,119.07508131242543,141.8469769966275,150.0,1,0
150.0,150.0,110.37714648455322,108.8288941353705,150.0,0,0
150.0,118.90463329903561,79.34921991000343,78.24355741636442,112.40477534763868,-1,0
124.8378277809169,50.364420934789344,39.756757934773916,44.17455962965147,77.68981778488185,1,1
150.0,150.0,114.1717942124836,135.78165608688818,150.0,0,0
150.0,150.0,99.4525123070256,118.23014495326439,150.0,-1,0
150.0,73.37122254072915,70.92432728544496,98.99833315952931,150.0,0,1
53.91715447236402,35.13834252353171,33.987504805351506,47.06814520902371,150.0,0,1
150.0,135.52024132891015,113.89632172355294,135.38621733166755,150.0,0,0
150.0,117.9606395219334,99.17687891076817,117.84428962772277,150.0,-1,0
113.09472918565861,73.09393717101872,70.62553045262534,98.5188779021469,150.0,-4,0
46.02081522890526,52.453819287354364,97.47940522257124,150.0,150.0,-4,0
67.63417639010054,150.0,150.0,150.0,150.0,-1,0
123.55779984897192,150.0,150.0,150.0,150.0,-4,0
150.0,150.0,150.0,101.3663080140707,140.34603020517304,-3,0
150.0,150.0,72.47350534878429,91.08966216488032,150.0,1,1
150.0,133.8948291627952,137.0380669105731,150.0,150.0,1,0
150.0,135.7605322148464,115.14163346871771,138.13662222186852,150.0,2,0
150.0,150.0,96.06415748922862,87.47513020094576,113.29342320652383,1,0
150.0,150.0,71.12278991740871,56.8519294910526,64.12823554832711,1,1
150.0,150.0,150.0,133.15421465276637,150.0,-2,0
150.0,100.69572181454585,123.57018644476042,150.0,150.0,1,0
150.0,74.13970311593349,79.12756970741717,129.2639608396433,150.0,2,0
150.0,150.0,38.22071561818416,44.714490346622426,88.34867598815293,-1,1
150.0,131.8508518795285,117.85451571638698,150.0,150.0,0,0
150.0,115.4875284836323,103.1812650354297,130.84731587461516,150.0,0,0
144.05982177926577,80.68954448046667,72.15163160999049,91.35208300333858,150.0,3,1
150.0,88.12590518054091,45.95579776312872,39.771653322878045,48.24693879480897,2,1
150.0,150.0,110.48248523739517,131.40201419055296,150.0,1,0
150.0,150.0,150.0,99.88609129866705,143.7530089960484,0,0
150.0,150.0,150.0,69.28219161455607,99.48863342943369,0,1
150.0,150.0,150.0,37.229813667741006,46.518048557569074,0,1
150.0,134.0723588112788,112.81096274773294,134.24588351457194,150.0,2,0
150.0,150.0,124.19558632125718,101.0242845199776,116.2816611452979,2,0
129.30341185569594,150.0,150.0,95.09789439859063,83.2692758280424,2,0
99.75097762286313,150.0,150.0,125.68901597972084,80.23465207279133,2,0
82.43303378443952,102.31511044132122,150.0,150.0,113.29464399151837,1,0
65.50816817027034,71.59304857696614,150.0,150.0,150.0,1,1
42.83302362124493,41.71405760936421,150.0,150.0,150.0,1,1
150.0,132.39856043193362,111.29214136953529,132.29766304979492,150.0,-4,0
107.50758574869953,137.3895488236174,150.0,150.0,76.03095216266549,-4,0
150.0,150.0,83.18730921466445,53.417420974317565,51.34525242611904,-5,1
43.93592191007375,28.573284350381066,27.55634566867086,37.85651283750642,150.0,-2,1
150.0,135.60956283450807,113.92912678328729,135.37526554677706,150.0,1,0
150.0,150.0,105.16629031292854,103.29135728106131,147.79751228496264,4,0
150.0,150.0,150.0,109.18624932908475,85.06767349749961,0,0
150.0,150.0,150.0,95.7656160526163,74.80866628154276,-1,0
150.0,150.0,118.48144781186954,66.08161916618954,58.95736567857537,-3,1
144.3752127883369,60.190585906970426,35.27716737009117,32.20601032339523,41.34401904112175,1,1
150.0,131.71385399835697,150.0,150.0,150.0,-4,0
150.0,150.0,148.3079554657038,146.1921635814933,76.96602711612883,-4,0
134.27549563055985,117.22552050437832,84.52753998566958,54.16503786860812,52.00299977178688,-2,1
150.0,131.26407594091876,150.0,150.0,125.65526321465114,-2,0
117.89321281250083,150.0,150.0,113.72350276669097,108.73684570230894,-2,0
150.0,150.0,93.02009574893894,83.1436970955575,105.33833109552936,-1,0
150.0,73.2042440903386,50.88988395498149,51.431358741699825,76.39777945847868,-1,1
106.17096222343851,150.0,150.0,138.45068216030631,150.0,0,0
106.1847200875451,150.0,150.0,125.17454044271624,150.0,0,0
106.21237475718667,150.0,150.0,121.28448481454228,150.0,0,0
106.24545284771177,150.0,150.0,121.22909197003733,80.76817714560997,0,0
106.28055582353335,150.0,150.0,121.17030820598599,72.89167098012686,1,0
94.96793958946824,131.91834936406718,150.0,150.0,86.98786149940143,1,0
80.50324106556303,97.06878577058446,150.0,150.0,120.95552191139957,1,0
61.9534610854412,66.14001322168177,107.893708806229,150.0,150.0,1,1
150.0,150.0,111.45239068535378,132.5391658659079,150.0,1,1
150.0,150.0,111.44584703102389,132.49412050024742,150.0,3,0
119.99480872450033,150.0,150.0,110.27373833732914,105.16563670098112,2,0
84.08919175055401,150.0,150.0,150.0,100.07446161547968,0,0
91.27860086627707,150.0,150.0,150.0,150.0,-1,0
122.75844762457571,150.0,150.0,150.0,150.0,2,0
99.54640523161355,150.0,150.0,150.0,150.0,-1,0
114.51068964687482,150.0,150.0,150.0,150.0,0,0
122.43483816310551,150.0,150.0,150.0,150.0,1,0
112.66097640698959,150.0,150.0,150.0,150.0,-1,0
129.06172854975193,150.0,150.0,137.1807535107699,150.0,2,0
107.3358887589945,145.31175900599192,150.0,150.0,102.91825190510117,3,0
94.43387906047005,87.24813312507499,115.00094940081827,150.0,150.0,0,0
63.52682835509477,58.82252186743202,77.4853245686098,150.0,150.0,-1,1
150.0,134.74011830147822,150.0,150.0,150.0,-2,0
116.84451041323395,150.0,150.0,150.0,150.0,-2,0
150.0,150.0,150.0,150.0,127.8411419428539,-5,0
150.0,150.0,129.44417279946285,82.35366952716953,78.85511241508176,-5,0
88.75676570034243,57.68428367751729,55.86959187553209,78.02640260466998,150.0,-3,1
150.0,137.8450085604723,150.0,150.0,150.0,-3,0
150.0,150.0,150.0,150.0,119.51602766389931,-5,0
150.0,150.0,103.90677290452885,63.218778563363436,58.96458570799378,-5,0
61.07025863957657,38.76083921459895,36.94145034389783,50.20365280565101,150.0,0,1
150.0,150.0,150.0,150.0,150.0,0,0
150.0,150.0,150.0,150.0,150.0,-2,0
150.0,150.0,150.0,150.0,150.0,0,0
150.0,150.0,150.0,150.0,150.0,0,0
150.0,150.0,150.0,150.0,150.0,-1,0
150.0,150.0,150.0,150.0,150.0,3,0
150.0,150.0,150.0,150.0,150.0,3,0
150.0,150.0,150.0,150.0,150.0,0,0
150.0,150.0,150.0,150.0,150.0,0,0
142.8731937356868,150.0,150.0,150.0,150.0,0,0
120.97498720436968,131.29876966241167,150.0,150.0,150.0,0,0
98.91135627027195,107.322467775349,150.0,150.0,150.0,0,0
76.78601043687577,83.27917281903758,139.9941190840969,150.0,150.0,0,0
54.63765884042013,59.211037594764946,99.2456640778559,150.0,150.0,0,1
150.0,150.0,150.0,150.0,150.0,0,0
150.0,150.0,150.0,150.0,150.0,2,0
150.0,150.0,150.0,150.0,150.0,2,0
150.0,150.0,150.0,150.0,150.0,0,0
150.0,150.0,150.0,150.0,150.0,4,0
150.0,150.0,150.0,150.0,150.0,2,0
138.21521712674365,150.0,150.0,150.0,150.0,0,0
117.89512565218446,128.69521751046108,150.0,150.0,150.0,-1,0
100.18159147085187,150.0,150.0,150.0,150.0,-1,0
150.0,150.0,150.0,150.0,150.0,0,0
150.0,150.0,146.79866474554876,150.0,150.0,0,0
150.0,140.89404364347826,106.22898818805989,114.51494384783743,150.0,-1,0
144.9444438056685,75.06084428434383,64.753870633994,78.74771675382378,150.0,-4,1
150.0,150.0,150.0,135.83012054947562,150.0,0,0
150.0,150.0,150.0,130.2814001753698,150.0,0,0
150.0,150.0,150.0,130.4058237577895,150.0,-3,0
150.0,150.0,99.87755146761847,96.34052676415466,150.0,0,1
150.0,150.0,63.12523091324916,40.35960202117294,150.0,3,1
144.62749927764034,150.0,150.0,150.0,150.0,-1,0
138.91259189427666,150.0,150.0,150.0,150.0,2,0
128.41160282439998,124.92797049311442,150.0,150.0,150.0,1,0
109.25855741393778,93.76777249337022,113.73966547211583,150.0,150.0,0,0
71.95085011633188,61.86713172191311,74.94553598014765,150.0,150.0,-1,1
150.0,150.0,150.0,150.0,150.0,4,0
75.69517511401345,150.0,150.0,150.0,150.0,2,0
59.31178896554073,85.38438903792512,150.0,150.0,150.0,0,0
53.7288884616812,77.3651870955163,150.0,150.0,150.0,5,0
47.26451883721992,34.440443920793534,35.84671421673072,55.64859898597604,137.75514786896477,5,1
150.0,150.0,150.0,150.0,150.0,-2,0
150.0,150.0,150.0,150.0,150.0,-3,0
150.0,150.0,150.0,150.0,93.29566960727146,0,0
150.0,150.0,150.0,150.0,104.10715544458208,-2,0
150.0,150.0,150.0,121.58572261985778,85.40664805706004,0,0
150.0,150.0,150.0,112.27583514534842,78.80788955009247,4,0
150.0,150.0,128.36622316720315,150.0,150.0,2,0
150.0,150.0,96.20335807453753,106.09331931584009,150.0,0,1
150.0,150.0,58.03431437608319,38.32542781608504,150.0,1,1
150.0,134.25834584890677,145.09038816580014,150.0,150.0,0,0
150.0,120.69597534046648,130.52456336604354,150.0,150.0,1,0
150.0,96.65357296162036,91.39751349231932,124.10312450795755,150.0,2,0
150.0,77.91377122426702,56.003998134229306,57.98519965161736,89.63693480846347,0,1
150.0,150.0,150.0,135.31769242323202,150.0,1,0
150.0,150.0,150.0,150.0,148.30591734148297,1,0
150.0,150.0,150.0,150.0,111.04983352232647,0,0
150.0,150.0,150.0,150.0,144.28623547334416,-2,0
150.0,150.0,150.0,150.0,111.2052654371474,1,0
150.0,150.0,150.0,150.0,143.5596496602859,3,0
150.0,150.0,150.0,150.0,150.0,0,0
150.0,150.0,150.0,150.0,150.0,-2,0
150.0,150.0,150.0,150.0,150.0,-4,0
150.0,150.0,150.0,150.0,150.0,1,0
150.0,150.0,150.0,150.0,150.0,4,0
150.0,150.0,150.0,150.0,150.0,0,0
150.0,150.0,150.0,150.0,150.0,-1,0
150.0,150.0,150.0,150.0,150.0,-3,0
135.1397072839807,150.0,150.0,150.0,150.0,0,0
109.04814426809823,150.0,150.0,150.0,150.0,2,0
90.90970185184611,112.36910010108687,150.0,150.0,150.0,0,0
77.15626223877415,95.40018397555816,150.0,150.0,150.0,0,0
63.072822622939285,77.90750626509771,150.0,150.0,150.0,0,0
48.86069199344785,60.25557539347036,150.0,150.0,150.0,0,1
150.0,150.0,150.0,150.0,150.0,0,0
150.0,150.0,150.0,150.0,150.0,1,0
150.0,150.0,150.0,150.0,150.0,-2,0
150.0,150.0,150.0,150.0,150.0,-5,0
150.0,150.0,150.0,150.0,150.0,-5,0
150.0,150.0,150.0,136.573168774979,149.5204273814477,-1,0
150.0,150.0,122.5622201440207,108.71995452878635,136.7993925630185,-2,0
150.0,92.14746522751385,73.88648883246546,83.76095559286232,150.0,-4,0
47.81049273596953,45.17247181814375,60.86512352067296,150.0,150.0,-3,1
150.0,150.0,150.0,150.0,150.0,3,0
104.1871923039631,150.0,150.0,150.0,150.0,5,0
51.21556462735322,54.9446854879322,90.33869770482312,150.0,150.0,5,1
150.0,39.42680900518733,29.149304445558208,30.596259045091294,48.104647326035035,2,1
150.0,150.0,150.0,150.0,150.0,0,0
150.0,150.0,150.0,150.0,150.0,-1,0
150.0,150.0,150.0,150.0,150.0,-3,0
150.0,150.0,150.0,150.0,150.0,-1,0
150.0,150.0,150.0,150.0,150.0,-4,0
150.0,150.0,150.0,150.0,144.82275115446015,-1,0
150.0,150.0,150.0,150.0,129.57340949756718,0,0
150.0,150.0,150.0,150.0,150.0,-3,0
150.0,150.0,150.0,150.0,108.06648347484325,-5,0
150.0,150.0,72.99822368115063,150.0,150.0,-5,0
60.94961482811444,150.0,150.0,150.0,150.0,0,0
71.15260027826412,150.0,150.0,150.0,150.0,2,0
58.26448170929342,82.9573039488345,150.0,150.0,150.0,0,0
51.84532985293504,73.8297927394776,150.0,150.0,150.0,0,0
45.193032962825825,64.26504269540663,150.0,150.0,150.0,1,1
150.0,150.0,150.0,150.0,150.0,0,0
150.0,150.0,150.0,150.0,150.0,1,0
150.0,150.0,150.0,150.0,150.0,1,0
150.0,150.0,150.0,150.0,150.0,0,0
150.0,150.0,150.0,150.0,150.0,0,0
150.0,150.0,150.0,150.0,150.0,0,0
150.0,150.0,150.0,115.02680805412483,150.0,-1,0
148.69867816926873,150.0,150.0,79.75571571823808,122.25580897526004,-4,0
150.0,150.0,50.467667155996786,102.56714902459453,150.0,0,1
150.0,150.0,150.0,150.0,150.0,0,0
150.0,150.0,150.0,150.0,146.66786458685965,-1,0
150.0,150.0,150.0,127.1135155584874,134.32791436195575,-1,0
150.0,150.0,112.63513098821349,95.63377082060289,114.74049276516968,-5,0
83.9750563938803,67.34949429102747,76.3114313094266,140.0410221600506,150.0,-4,0
55.130383024375185,78.47183244200883,150.0,150.0,139.44189885401818,-1,0
58.49200116454133,102.9780280921938,150.0,150.0,122.91687865262726,-5,0
150.0,150.0,105.69368179501286,150.0,150.0,-1,0
150.0,91.7749339680966,66.78367198469155,150.0,150.0,1,1
150.0,53.624763121343335,32.110160384599624,150.0,150.0,-1,1
150.0,150.0,127.89656157118444,122.0511063728423,150.0,0,0
150.0,150.0,113.41431285161664,108.14915131970864,148.6220122654234,0,0
150.0,130.38813700228485,82.41850851844004,78.61596574538586,107.86085303861414,0,0
150.0,71.25063880650971,45.292862491912146,43.2432278206044,59.04334612405214,-2,1
150.0,137.90150805365084,150.0,150.0,150.0,2,0
150.0,150.0,128.4371453078794,150.0,150.0,4,0
74.57444063369105,122.9958862334947,150.0,150.0,104.7027118581348,3,0
58.249356197361905,59.36929388566391,89.48302247899147,150.0,150.0,4,1
66.25425583937158,34.07953523390356,29.333180543263907,35.19273089150557,74.36852341111994,4,1
150.0,137.050073226207,115.36233510009812,150.0,150.0,2,0
150.0,150.0,126.75558546239955,103.47554232723243,150.0,1,0
150.0,150.0,122.60821699811164,84.48638432362583,85.11687266054574,0,0
150.0,150.0,85.60945201050315,59.177281465799524,59.636949980677365,-1,1
150.0,131.35451509344782,110.45885048500402,131.3545150934478,150.0,4,0
77.2196460920034,150.0,150.0,136.2274382206705,106.63346267056791,5,0
55.05982030198973,49.163384901954096,61.89958267093868,150.0,150.0,4,1
150.0,135.73727893908642,114.18890123421014,135.8668916800839,150.0,-3,0
107.84925617385346,113.11761468321629,150.0,150.0,114.66793137856946,0,0
89.2728923273392,93.61912197120108,148.27147690696637,150.0,150.0,5,0
150.0,82.9056239325563,63.05856790149988,68.24579345876619,114.17758698561926,1,1
150.0,51.82531261619902,33.11956770983953,31.656736630666725,43.07634776776676,0,1
150.0,133.35955641667414,112.14918608931993,133.38042956728597,150.0,-2,0
115.46085766945309,100.45329350935128,123.67717982150702,150.0,150.0,-3,0
88.50548738485816,150.0,150.0,150.0,96.82054105388168,-3,0
150.0,150.0,150.0,86.33018862007624,72.29674829974385,-2,0
150.0,150.0,68.39901486089845,51.63101199702222,55.44422028057654,-2,1
150.0,131.95111459150587,110.9608415227166,150.0,150.0,0,0
150.0,114.61964739293494,96.3336221243232,150.0,150.0,0,0
150.0,77.60060210517634,65.31511874533325,150.0,150.0,-1,1
48.2310730290011,30.845515205318918,30.014688126625046,150.0,150.0,0,1
150.0,135.85144839950303,114.19822939118441,135.77492596962932,150.0,0,0
150.0,118.29561621635237,99.47877310025338,118.22920063733612,150.0,0,0
150.0,81.25933780174381,68.42590412778024,81.21401407069843,150.0,0,1
74.92818480346791,36.95588007510827,31.278643785634294,36.935783055593916,74.78232645904345,-3,1
150.0,137.66747170883121,116.43378934406002,150.0,150.0,-2,0
119.77869823771775,150.0,150.0,150.0,150.0,-1,0
85.51014812414313,150.0,150.0,150.0,150.0,0,0
150.0,150.0,150.0,150.0,150.0,-2,0
150.0,150.0,150.0,150.0,150.0,0,0
150.0,150.0,150.0,150.0,150.0,0,0
150.0,150.0,150.0,150.0,150.0,-2,0
150.0,150.0,150.0,150.0,150.0,2,0
150.0,150.0,119.95919828660938,150.0,150.0,2,0
150.0,150.0,109.42901126971655,83.0523684793903,150.0,0,0
150.0,150.0,70.27788392541433,53.546508493197,57.95263313789732,0,1
150.0,150.0,150.0,150.0,150.0,1,0
150.0,150.0,150.0,150.0,150.0,0,0
150.0,150.0,150.0,150.0,150.0,-1,0
150.0,150.0,150.0,150.0,150.0,-2,0
150.0,150.0,150.0,150.0,150.0,-1,0
150.0,139.5659840043691,150.0,150.0,150.0,-4,0
121.53366967133282,150.0,150.0,150.0,150.0,-2,0
144.25106664173268,150.0,150.0,150.0,150.0,2,0
119.33306841295231,150.0,150.0,150.0,150.0,0,0
110.02568189489733,148.07356109039605,150.0,150.0,150.0,-1,0
111.1346504247534,150.0,150.0,150.0,150.0,0,0
109.34827183253245,150.0,150.0,150.0,150.0,0,0
107.5641469835012,150.0,150.0,150.0,150.0,0,0
105.7738201850642,150.0,150.0,150.0,150.0,2,0
88.26267884101033,103.65538058403219,150.0,150.0,150.0,2,0
70.86251215465516,65.61953927529643,86.53825090817745,150.0,150.0,3,1
61.569028584923295,35.7303408068109,32.461902396957505,41.43800839821394,105.89078487557914,3,1
150.0,150.0,150.0,150.0,150.0,-4,0
150.0,150.0,150.0,150.0,69.64266087192648,-2,0
150.0,150.0,150.0,78.79304662708508,54.65753754534281,-2,1
150.0,150.0,71.4132574629738,42.90522351064201,39.698041757159906,-4,1
150.0,150.0,150.0,150.0,150.0,1,0
150.0,150.0,150.0,150.0,150.0,2,0
150.0,150.0,150.0,150.0,150.0,0,0
150.0,150.0,150.0,150.0,150.0,0,0
150.0,150.0,150.0,150.0,150.0,-2,0
150.0,150.0,150.0,150.0,150.0,1,0
150.0,150.0,150.0,150.0,150.0,4,0
150.0,150.0,150.0,150.0,150.0,0,0
150.0,150.0,150.0,150.0,150.0,0,0
150.0,150.0,150.0,150.0,150.0,0,0
150.0,119.76632374768793,111.80591717972312,150.02919430716062,150.0,0,0
125.18382122928358,76.30742324822984,71.28178864287375,95.10922206478487,135.65123136640582,-2,1
40.91257691766169,34.42498910947458,40.48393936228158,81.06652577667852,134.95481322587517,-1,1
150.0,150.0,150.0,150.0,150.0,0,0
150.0,150.0,150.0,150.0,150.0,-1,0
150.0,150.0,150.0,150.0,150.0,-1,0
150.0,150.0,150.0,150.0,150.0,0,0
150.0,150.0,150.0,150.0,150.0,-2,0
150.0,150.0,150.0,150.0,150.0,-3,0
150.0,150.0,150.0,150.0,150.0,-4,0
150.0,138.08949949992137,150.0,150.0,150.0,-2,0
117.84172686627363,150.0,150.0,150.0,150.0,-1,0
150.0,150.0,141.26266103395,147.38388161867627,150.0,-2,0
150.0,108.35588377331862,102.23517005491217,138.51295751782013,150.0,-3,0
74.60996252493685,71.98498925328522,100.2292090689296,150.0,150.0,-3,0
58.93535390182988,85.42861664375579,150.0,150.0,150.0,-2,0
77.99052459866155,150.0,150.0,150.0,150.0,0,0
91.32505420024737,150.0,150.0,150.0,150.0,-1,0
120.40858257741873,150.0,150.0,150.0,150.0,-1,0
117.19887273457145,150.0,150.0,150.0,150.0,0,0
112.32287299974263,150.0,150.0,150.0,150.0,0,0
107.42056802608282,150.0,150.0,150.0,150.0,-3,0
150.0,150.0,150.0,150.0,150.0,0,0
150.0,150.0,150.0,150.0,150.0,4,0
129.8824244991288,150.0,150.0,150.0,150.0,1,0
114.46479290749703,125.57085530748752,150.0,150.0,150.0,1,0
94.91700578009542,92.4561710735716,130.67289016952506,150.0,150.0,0,0
66.20039554798555,64.52617837652181,91.04247797170203,150.0,150.0,0,1
150.0,150.0,150.0,150.0,150.0,2,0
150.0,150.0,150.0,150.0,150.0,1,0
150.0,150.0,150.0,150.0,150.0,0,0
150.0,150.0,150.0,150.0,150.0,0,0
150.0,150.0,150.0,150.0,150.0,1,0
150.0,150.0,150.0,102.31814420895921,150.0,2,0
138.1043121232284,141.00739223865722,150.0,150.0,73.5016375410181,0,0
112.7705462357036,115.23543034223913,150.0,150.0,116.27289202633736,0,0
86.96448185171361,88.85536393099714,134.80984092874382,150.0,150.0,0,0
60.95473298701531,62.26749438658,94.22513319507775,150.0,150.0,0,1
150.0,134.4008544293129,113.01374709015954,150.0,150.0,0,0
150.0,117.02621915932,98.44169908173782,150.0,150.0,1,0
150.0,97.64187822807487,69.94647433964445,72.34917325983423,150.0,0,1
150.0,45.731276073987765,33.029780844499435,34.141922578822495,53.3198175167254,-1,1
150.0,136.5172465659921,114.81906948177107,136.58964741403153,150.0,0,0
150.0,119.13949577229627,100.14888120550073,118.98341460299397,150.0,0,0
150.0,82.11190825366903,69.11437641221866,82.0032866501322,150.0,-1,1
54.68075438599195,34.909544143421606,33.360749002373,45.42508371830516,150.0,1,1
150.0,137.13946574326351,115.31055827823934,150.0,150.0,0,0
150.0,119.53789532902174,100.63845849449126,150.0,150.0,0,0
150.0,82.56595144639556,69.60321204516907,82.78106755011835,150.0,-1,1
55.349672738363424,35.413496364037194,33.88796587027317,46.239806925507885,150.0,-2,1
150.0,134.222555078352,112.86421144284293,134.22255507835203,150.0,0,0
150.0,116.85978284358097,98.12951539168031,116.44818339182683,150.0,0,0
150.0,79.76228957237079,67.07077214395977,79.48002313897122,150.0,-1,1
51.28710004303436,32.72161756930303,31.244213861775574,42.445563461463195,140.00861627406027,2,1
150.0,138.800086760128,116.70328310153604,150.0,150.0,3,0
110.56926594483411,150.0,150.0,115.57953767039874,110.47613921306667,1,0
101.82630809752001,150.0,150.0,113.01664753795768,93.93887866385478,0,0
122.98136547392919,150.0,150.0,95.60120227660141,79.54468401704888,0,0
145.46234268333444,150.0,150.0,150.0,64.198320501976,0,0
150.0,150.0,150.0,150.0,150.0,0,0
150.0,121.3094980688644,129.59772906846604,150.0,150.0,-1,0
98.95577650656521,84.46466650475942,101.80661190130233,150.0,150.0,-4,0
69.56854969285376,99.57390490673342,150.0,150.0,115.07357701306488,-2,0
90.33434715374132,150.0,150.0,125.03002093599898,94.60670847110819,0,0
102.91582361428874,150.0,150.0,111.92668465380554,84.64692187393018,0,0
116.15521388856315,150.0,150.0,98.35103910325454,74.23073660279023,-2,0
150.0,150.0,150.0,58.38148547047798,56.85239054774386,-2,1
150.0,131.1900606448146,110.33285827424932,131.2185183091835,150.0,0,0
150.0,113.86704585460411,95.7258394217117,113.7082435120053,150.0,-3,0
78.48626471397729,71.29451198241244,91.92426315734288,150.0,150.0,-5,0
82.29895907739804,150.0,150.0,150.0,150.0,-2,0
150.0,150.0,150.0,150.0,111.12685714596358,-2,0
150.0,150.0,150.0,150.0,80.75101506097084,-5,0
150.0,150.0,83.22807718828338,73.35090135686123,150.0,0,1
150.0,150.0,50.399119237792,32.09235227488944,150.0,1,1
150.0,144.26685337284948,150.0,150.0,150.0,0,0
150.0,132.33740050655433,150.0,150.0,150.0,0,0
123.91056341179493,107.02124261484954,130.7909777541241,150.0,150.0,0,0
88.74931638891721,76.72498450917219,93.65067196943828,150.0,150.0,-1,0
50.41373061158604,49.14550085859651,69.16648039011328,150.0,150.0,0,1
150.0,150.0,150.0,150.0,150.0,-4,0
150.0,150.0,150.0,150.0,75.45121541239848,-1,0
150.0,150.0,150.0,128.30534227648988,69.977912365934,-4,0
150.0,150.0,70.25452934610229,50.99572523023172,53.14017764177858,-4,1
150.0,150.0,150.0,138.9743499865156,150.0,-3,1
150.0,150.0,150.0,138.93561648750276,150.0,0,0
150.0,150.0,150.0,120.98758749882136,150.0,0,0
150.0,150.0,150.0,84.06085341327444,150.0,0,0
150.0,150.0,150.0,54.71686656558624,80.31935140525303,0,0
150.0,150.0,150.0,55.085663407205,33.24872382273952,0,0
150.0,150.0,150.0,55.462385675331575,33.4720818280069,0,0
150.0,150.0,150.0,55.842065502339906,33.697193239354505,0,0
150.0,150.0,150.0,56.22284923472651,33.92295903001083,0,0
150.0,150.0,150.0,150.0,34.14896912310634,0,0
150.0,150.0,150.0,150.0,150.0,0,0
150.0,150.0,150.0,150.0,150.0,-2,0
150.0,150.0,150.0,150.0,150.0,0,0
150.0,150.0,150.0,150.0,150.0,0,0
150.0,150.0,150.0,150.0,150.0,-1,0
150.0,150.0,150.0,150.0,150.0,1,0
150.0,150.0,150.0,150.0,150.0,2,0
150.0,150.0,150.0,147.50700784200606,150.0,0,0
150.0,150.0,150.0,119.14874497569936,124.15229366222113,0,0
150.0,150.0,124.95103519180243,90.21981900346947,93.9885665883984,0,0
150.0,150.0,84.36332598901865,61.066383763123284,63.59123846672225,0,1
150.0,150.0,150.0,150.0,150.0,3,0
120.24073224473942,150.0,150.0,150.0,150.0,1,0
108.89458025761837,150.0,150.0,150.0,150.0,0,0
129.80622901982443,150.0,150.0,150.0,150.0,1,0
122.24448057440614,150.0,150.0,150.0,150.0,-1,0
150.0,150.0,150.0,150.0,150.0,-1,0
150.0,150.0,150.0,150.0,150.0,1,0
150.0,150.0,150.0,150.0,150.0,-2,0
150.0,150.0,142.87765869391447,150.0,150.0,0,0
150.0,150.0,103.46603989777147,123.65712414410322,150.0,4,0
150.0,150.0,150.0,75.23635234235115,77.6648120632176,0,0
150.0,150.0,150.0,50.67901205131788,51.267433934736005,0,1
150.0,150.0,150.0,150.0,150.0,0,0
150.0,150.0,150.0,150.0,150.0,0,0
150.0,150.0,150.0,150.0,150.0,0,0
150.0,150.0,150.0,150.66430042684144,150.0,-1,0
150.0,150.0,133.7107194264658,117.28329666151642,145.8071863065228,-1,0
150.0,126.3243405729315,84.45106463619891,83.39020919998698,120.09130562409419,1,0
150.0,93.35720456151181,50.51326697763931,44.4275680174441,54.927975879215005,1,1
150.0,150.0,150.0,150.0,150.0,0,0
150.0,150.0,150.0,150.0,150.0,0,0
150.0,150.0,150.0,150.0,150.0,0,0
150.0,150.0,150.0,150.0,150.0,-1,0
150.0,150.0,150.0,150.0,150.0,0,0
131.9600227663553,141.90344347365092,150.0,150.0,150.0,0,0
109.36478591705158,117.58106194992538,150.0,150.0,150.0,-1,0
89.76683460313419,150.0,150.0,150.0,150.0,1,0
73.19904518570608,150.0,150.0,150.0,150.0,-2,0
150.0,150.0,150.0,150.0,150.0,0,0
150.0,150.0,150.0,150.0,150.0,3,0
150.0,150.0,150.0,150.0,150.0,0,0
150.0,150.0,150.0,150.0,150.0,0,0
150.0,150.0,150.0,150.0,150.0,0,0
150.0,150.0,150.0,148.55638549028495,150.0,0,0
150.0,150.0,150.0,119.2548741764171,124.63698252949742,0,0
150.0,150.0,150.0,89.88761087206447,93.92292363086618,0,0
150.0,150.0,150.0,60.49586414380565,63.18335802424828,0,1
150.0,150.0,150.0,150.0,150.0,5,0
57.18381666465017,94.63835729425114,150.0,150.0,150.0,3,1
42.09488835917052,42.19482564844617,61.75479872219683,150.0,150.0,2,1
150.0,150.0,150.0,150.0,150.0,-1,0
150.0,150.0,150.0,150.0,150.0,-1,0
150.0,150.0,150.0,150.0,150.0,0,0
150.0,150.0,150.0,150.0,150.0,0,0
150.0,150.0,150.0,150.0,150.0,0,0
150.0,150.0,150.0,150.0,150.0,-1,0
128.7774222050068,150.0,150.0,145.57677105951936,148.7082353090647,-1,0
150.0,150.0,136.77278025654226,111.02266840124226,127.60576863803178,0,0
150.0,150.0,96.49616768546699,78.3917257429168,89.97760687045987,1,0
150.0,150.0,71.30037400722425,50.2741603506365,51.30324999298233,0,1
150.0,150.0,150.0,133.33274755194776,150.0,4,0
75.08405538176017,150.0,150.0,150.0,150.0,0,0
87.87106632297817,150.0,150.0,150.0,150.0,-1,0
136.6772502918808,150.0,150.0,150.0,150.0,-3,0
150.0,150.0,150.0,150.0,150.0,0,0
150.0,150.0,150.0,150.0,150.0,0,0
150.0,150.0,150.0,150.0,150.0,-2,0
150.0,150.0,150.0,150.0,150.0,3,0
148.85362595757294,150.0,150.0,150.0,150.0,3,0
150.0,120.92324739116049,121.12662729275151,150.0,150.0,0,0
122.30869290968971,83.73672707955734,83.99004000760341,123.79617321263494,150.0,0,0
64.51984700847657,44.41430713700617,44.54571743834246,65.29575284948454,150.0,0,1
150.0,150.0,150.0,150.0,150.0,2,0
150.0,150.0,150.0,150.0,150.0,0,0
150.0,150.0,150.0,150.0,150.0,0,0
150.0,150.0,150.0,150.0,150.0,0,0
150.0,150.0,150.0,150.0,150.0,0,0
150.0,150.0,150.0,150.0,150.0,-1,0
150.0,150.0,150.0,150.0,150.0,0,0
150.0,150.0,150.0,150.0,118.63056372059835,1,0
150.0,150.0,150.0,150.0,150.0,0,0
150.0,150.0,150.0,150.0,150.0,-1,0
150.0,150.0,150.0,150.0,150.0,-3,0
150.0,150.0,150.0,150.0,128.5253599440141,-2,0
150.0,150.0,150.0,120.0975317373402,111.63369052721771,0,0
150.0,150.0,150.0,96.98968846956824,90.1014894096302,-2,0
150.0,150.0,73.38623152414489,61.32988170132458,72.17593548368238,-3,1
150.0,31.481727829842605,27.062201171690045,32.3696668743444,67.89434429662914,-2,1
150.0,150.0,150.0,150.0,150.0,0,0
150.0,150.0,150.0,150.0,150.0,-2,0
150.0,150.0,150.0,150.0,150.0,-4,0
150.0,150.0,150.0,150.0,150.0,0,0
150.0,137.52738113474499,146.12775921328333,149.6028786241686,150.0,2,0
150.0,113.1849987893545,103.05656733544109,109.46615140694978,123.7373128993829,-1,0
94.41785125768116,66.91701036745481,68.66733944708459,76.69944541592768,98.9419479355533,-1,1
150.0,150.0,150.0,150.0,150.0,0,0
150.0,150.0,150.0,150.0,150.0,2,0
121.72668729264318,150.0,150.0,150.0,150.0,0,0
137.54094691232063,150.0,150.0,140.98628390084008,150.0,2,0
111.23741652365459,150.0,150.0,122.64721303658867,104.74482671320854,0,0
107.93530220201252,150.0,150.0,128.97727623790902,70.45056892757586,2,0
90.47142175153081,103.41426754435213,150.0,150.0,117.56060998335339,5,0
150.0,76.56609565256376,65.87227881846067,79.89104598100292,150.0,3,1
150.0,105.0065831564593,46.68219484772756,38.02250561515667,43.4166014327315,2,1
150.0,131.77879084483718,110.84457525782842,150.0,150.0,0,0
150.0,114.06562739853153,96.13227949452705,150.0,150.0,0,0
150.0,77.10946329192892,65.081890182591,150.0,150.0,0,1
66.21679640895086,32.90215862129843,27.93555266201309,33.01833517097578,150.0,0,1
150.0,141.81822145881475,119.20891986920782,141.75717905859676,150.0,-5,0
130.89722805368945,150.0,150.0,79.8366788679966,48.46601299753323,0,0
131.0884431860956,150.0,150.0,79.51790328305346,48.27825903225704,3,0
110.26381882390453,115.42038786061403,150.0,150.0,150.0,0,0
88.00750009316039,92.23049121334279,145.89702868052547,150.0,150.0,0,0
64.42485421407987,67.4911003850074,106.52127660491584,150.0,150.0,-2,0
49.017928115607326,66.28016931368107,147.31629172020712,150.0,150.0,2,1
150.0,150.0,150.0,136.5593687973736,150.0,-1,0
150.0,150.0,106.6428448109416,150.0,150.0,-4,0
86.13838608993886,110.4399151322343,150.0,150.0,104.06736102961743,-1,0
84.38175542194323,128.59061571391183,150.0,150.0,95.9301537295195,1,0
72.6285519139828,93.70020566533552,150.0,150.0,121.03705039625055,0,0
61.0966799067465,78.78065296356405,150.0,150.0,136.0992053995272,0,0
49.32480213904172,64.40255502058187,150.0,150.0,150.0,0,0
37.49106850548871,150.0,150.0,150.0,150.0,0,0
150.0,150.0,150.0,150.0,150.0,-1,0
150.0,150.0,150.0,150.0,150.0,-1,0
150.0,150.0,150.0,148.29549169922637,150.0,2,0
150.0,150.0,150.0,141.5039207636676,124.11170485029965,0,0
150.0,150.0,150.0,120.26628115116753,105.61777041293695,0,0
150.0,150.0,150.0,98.67283439005162,86.69537515431274,2,0
150.0,150.0,150.0,122.6638235373777,80.64044194099586,-2,0
150.0,150.0,133.93375918995463,73.17716222829358,64.66152680533786,1,0
150.0,150.0,150.0,65.28549901297542,50.62629152709998,2,0
150.0,150.0,150.0,104.43449718580733,55.06794432157074,-1,0
150.0,150.0,150.0,75.41479167479166,49.96799487103847,-3,1
150.0,150.0,150.0,150.0,150.0,0,0
150.0,150.0,150.0,150.0,150.0,-1,0
150.0,150.0,150.0,150.0,150.0,0,0
150.0,150.0,150.0,150.0,150.0,1,0
150.0,150.0,150.0,150.0,150.0,0,0
150.0,150.0,150.0,150.0,150.0,0,0
150.0,150.0,150.0,150.0,150.0,0,0
150.0,150.0,150.0,150.0,150.0,0,0
150.0,150.0,150.0,150.0,150.0,0,0
150.0,150.0,150.0,150.0,150.0,0,0
150.0,150.0,150.0,148.51082586533883,150.0,-1,0
150.0,150.0,134.16553787943963,113.88778968852411,136.74561658047907,-3,0
150.0,90.85182126053208,78.46496181330264,95.6909993345795,150.0,0,0
89.6888792327382,46.7227215464762,40.41736109223956,49.0190003537475,106.40092818945476,3,1
150.0,150.0,150.0,150.0,150.0,0,0
150.0,150.0,150.0,150.0,150.0,0,0
150.0,150.0,150.0,150.0,150.0,0,0
150.0,150.0,150.0,150.0,150.0,0,0
150.0,150.0,150.0,150.0,150.0,-3,0
150.0,150.0,150.0,150.0,150.0,-2,0
150.0,150.0,150.0,150.0,150.0,0,0
150.0,106.80972290056025,150.0,150.0,150.0,0,0
150.0,79.43864519411109,135.72779772255777,150.0,150.0,0,0
51.17205582287082,55.92734108766832,95.25205292422679,150.0,150.0,-2,0
39.515719073585565,56.38692141906099,150.0,150.0,150.0,-2,0
51.68769152541513,150.0,150.0,150.0,150.0,1,0
51.138287738857464,150.0,150.0,150.0,150.0,1,0
44.59740246831144,150.0,150.0,150.0,150.0,0,0
150.0,150.0,146.12313164178929,150.0,150.0,-2,0
150.0,111.82793594359383,108.90038979431313,150.0,150.0,-1,0
90.69373959864087,69.8066193696723,76.34783015806377,130.36937450597952,150.0,1,1
50.70487367774593,33.47720719968708,32.6219915236271,45.620858685516694,150.0,1,1
150.0,150.0,150.0,135.72882219159953,150.0,-3,0
150.0,135.84326233994085,150.0,150.0,115.1179032653477,0,0
150.0,93.44233214221653,147.77849960036613,150.0,150.0,2,0
150.0,150.0,69.26589341473522,131.31508191598866,150.0,-1,1
150.0,124.1059228442132,111.39007358583285,142.06198712017832,150.0,0,0
150.0,107.78931261159966,96.72584655515193,123.22883309263722,150.0,2,0
150.0,111.94474640100373,71.66184843425266,68.83903631318763,95.2449994825549,3,0
150.0,150.0,78.33247169257675,47.076996767755155,43.5793946109079,2,1
150.0,150.0,126.94756248227466,150.0,150.0,0,0
150.0,150.0,112.22900321858658,133.464477654966,150.0,-2,0
150.0,84.52840490108863,93.57607325607677,150.0,150.0,0,0
66.35229395050116,51.82024671865703,57.24260831909449,99.57680538081578,150.0,2,1
150.0,138.15691705504852,116.14477766534158,138.11139166946384,150.0,-2,0
120.014634030651,104.43046906059514,128.62367987577176,150.0,150.0,-3,0
92.53453055713254,124.31693901768688,150.0,150.0,150.0,-2,0
111.27185554217958,150.0,150.0,150.0,150.0,-1,0
149.0187033162259,150.0,150.0,150.0,150.0,-3,0
150.0,150.0,150.0,150.0,131.8962835010925,-1,0
150.0,150.0,150.0,150.0,125.54497379730208,1,0
150.0,150.0,150.0,150.0,150.0,2,0
150.0,150.0,150.0,150.0,150.0,1,0
150.0,150.0,150.0,150.0,150.0,1,0
150.0,146.82808285578008,140.06832813344306,150.0,150.0,2,0
150.0,150.0,100.56115929224553,106.37490099550055,150.0,1,0
150.0,150.0,66.54145827465572,62.68412746825518,84.44520774278054,0,1
150.0,150.0,150.0,150.0,150.0,-3,0
150.0,150.0,150.0,150.0,150.0,-3,0
150.0,150.0,150.0,150.0,70.30485725841689,-3,0
150.0,150.0,150.0,150.0,54.23902938657034,-3,1
150.0,150.0,150.0,150.0,150.0,-2,0
150.0,150.0,150.0,150.0,150.0,-3,0
150.0,150.0,134.26791940380582,137.91033170445564,150.0,-3,0
134.06073412833973,100.58271503675347,107.97583024537232,150.0,150.0,-1,0
78.96185882771783,68.25798228634076,83.2273503896597,150.0,150.0,0,1
42.098877791476305,36.49513421855071,44.29105806437817,96.4105674750494,150.0,0,1
150.0,131.227197698008,150.0,150.0,150.0,2,0
150.0,150.0,121.47006218620733,150.0,150.0,1,0
150.0,150.0,116.55593145654709,79.8356154229399,150.0,2,0
135.464203574912,150.0,150.0,79.32224558254772,61.43749581389069,2,0
109.8708697196511,150.0,150.0,131.48541058162468,68.32992836581116,1,0
96.53334551380145,122.60808125182443,150.0,150.0,91.2274336826492,1,0
79.90441278904771,89.22945280259493,150.0,150.0,150.0,4,0
85.46758975030679,55.636779469280945,53.93025599635955,75.37540291673285,150.0,2,1
150.0,150.0,115.46847311308106,137.39335982888915,150.0,-3,0
109.15855253806824,114.44003842466283,150.0,150.0,112.30088210810909,-3,0
115.37547465357073,150.0,150.0,101.64016247916152,65.89380518381174,-2,0
150.0,150.0,104.52903765746774,57.769226438151605,51.31180718737672,-3,1
150.0,131.13055614959913,110.27102109316587,131.92488072288285,150.0,3,0
122.30821935683974,150.0,150.0,108.98534483460399,103.90182892609302,5,0
60.718030580834,65.00063329486188,106.5576381568017,150.0,150.0,2,1
44.29994478512836,36.44019868250779,41.96698887312726,79.86038515348653,150.0,0,1
150.0,131.5565243212017,110.50150764237539,131.33899343763403,150.0,0,0
150.0,114.04837746530761,95.87068011267877,113.87233920220213,150.0,0,0
150.0,77.0333349186515,64.85086253633635,76.91480414055872,150.0,0,1
66.27483143043843,32.72275043590179,27.71593430452069,32.673901813013394,65.91948114108722,0,1
150.0,141.59982574247252,119.05135950330495,141.5998257424725,150.0,-3,0
112.97154777563506,118.6004351786746,150.0,150.0,150.0,0,0
94.48360057815297,99.17876725370232,150.0,150.0,150.0,2,0
80.24457531895419,65.5624855906207,75.54749731357474,143.90194035003157,150.0,-1,1
38.47044187462214,35.752818217765686,47.00090394345347,133.6086355963038,150.0,-3,1
150.0,150.0,111.73693449493713,132.11210286429963,150.0,-2,0
150.0,99.26060744815781,121.78664527059827,150.0,150.0,-1,0
80.66469216419799,80.18418854837947,116.57590010757927,150.0,150.0,-4,0
82.5687618674443,150.0,150.0,141.5850921697866,97.46325820913343,-1,0
110.43776817193653,150.0,150.0,104.92053490755534,84.66742816711013,3,0
80.46212447847196,150.0,150.0,150.0,108.6411543925354,0,0
70.86913411964568,150.0,150.0,150.0,121.13012400205848,0,0
150.0,150.0,150.0,150.0,134.49620010264246,0,0
150.0,150.0,150.0,150.0,148.12780521087745,0,0
150.0,150.0,150.0,150.0,150.0,0,0
150.0,150.0,150.0,150.0,150.0,1,0
150.0,150.0,150.0,150.0,150.0,0,0
150.0,150.0,150.0,150.0,150.0,0,0
150.0,150.0,110.96126711605858,100.17580226163396,150.0,0,0
150.0,122.65979551901613,70.23007514474436,63.47154372408766,150.0,-3,1
49.162188630238084,29.293674756924112,26.946212636324038,34.78235950334997,150.0,-3,1
150.0,150.0,150.0,150.0,150.0,0,0
150.0,150.0,150.0,150.0,150.0,0,0
150.0,150.0,150.0,150.0,150.0,0,0
150.0,150.0,150.0,150.0,150.0,0,0
150.0,150.0,150.0,150.0,150.0,0,0
150.0,150.0,132.3278051902276,150.0,150.0,0,0
150.0,150.0,91.74101833402352,108.6221704546871,150.0,0,0
150.0,60.73143433586443,51.036421105057364,60.275794238824574,121.80904614890304,-4,1
150.0,150.0,150.0,150.0,150.0,0,0
150.0,150.0,150.0,150.0,150.0,0,0
150.0,150.0,150.0,150.0,150.0,-1,0
150.0,150.0,150.0,150.0,150.0,-1,0
150.0,150.0,150.0,150.0,150.0,0,0
150.0,136.8849128004522,150.0,150.0,150.0,1,0
150.0,103.45865685450914,150.0,150.0,150.0,0,0
96.3500646461333,61.0920427026437,150.0,150.0,150.0,0,1
150.0,150.0,150.0,150.0,150.0,-5,0
150.0,150.0,150.0,90.51975643255274,54.55376900114169,-2,0
150.0,150.0,91.07985179212316,47.7238652601464,41.38549976275492,-4,1
150.0,150.0,150.0,150.0,150.0,0,0
150.0,150.0,150.0,150.0,150.0,0,0
150.0,150.0,150.0,150.0,150.0,-2,0
150.0,150.0,150.0,150.0,150.0,2,0
150.0,150.0,150.0,150.0,150.0,1,0
150.0,150.0,139.8252485467612,147.23309799960307,150.0,0,0
150.0,150.0,100.06489467244594,105.37634295953879,150.0,0,0
150.0,150.0,59.67897114831388,62.7875694887041,99.90305442338361,-2,1
150.0,150.0,150.0,150.0,150.0,0,0
150.0,150.0,150.0,150.0,150.0,0,0
150.0,150.0,150.0,150.0,150.0,0,0
150.0,150.0,150.0,150.0,150.0,0,0
150.0,150.0,150.0,150.0,150.0,-2,0
150.0,150.0,150.0,150.0,143.5288870551659,0,0
128.85993220433804,150.0,150.0,131.54607961481614,121.76638363626003,0,0
119.04893220915716,150.0,150.0,107.55756868548191,99.58755708632916,-2,0
150.0,150.0,85.02116672448746,70.60089851025477,82.67288068144691,-1,1
150.0,62.83932002688396,38.86584714008497,36.50975092150396,48.67292662689104,-2,1
150.0,150.0,150.0,134.55564996297056,150.0,0,0
150.0,150.0,150.0,116.8569642918026,150.0,-4,0
150.0,83.11776869006614,131.55571518115536,150.0,150.0,0,0
150.0,61.72587894474079,97.26060490352705,150.0,150.0,4,0
150.0,33.52581242454771,30.092697710408252,37.881309679862504,92.48979662397362,1,1
150.0,140.81300116188876,119.04881159738245,142.38953432258052,150.0,-1,0
150.0,108.53904495757905,110.891703640898,150.0,150.0,-4,0
90.56154230376627,116.8066098404405,150.0,150.0,150.0,-4,0
150.0,150.0,150.0,150.0,150.0,-4,0
150.0,150.0,150.0,84.44893356179963,88.07038633414001,-4,0
150.0,118.34370204028217,39.58554818990156,90.40102883759316,150.0,-3,1
148.13104685625896,150.0,150.0,150.0,150.0,0,0
143.31112580572264,150.0,150.0,150.0,150.0,0,0
133.3075048022923,150.0,150.0,150.0,150.0,0,0
121.32640278030973,150.0,150.0,150.0,150.0,0,0
108.60742081150838,137.25050561718155,150.0,150.0,150.0,1,0
91.65643188509661,101.94801747214721,150.0,150.0,150.0,1,0
70.5225591848145,69.83917123192462,100.87612914119902,150.0,150.0,0,1
42.55076649616821,42.163336155213734,60.64724617555284,150.0,150.0,1,1
150.0,150.0,150.0,150.0,150.0,-1,0
148.82041727542884,150.0,150.0,150.0,150.0,-2,0
150.0,150.0,150.0,150.0,150.0,-2,0
150.0,150.0,150.0,150.0,150.0,-2,0
150.0,150.0,150.0,150.0,121.22585409151728,-2,0
150.0,150.0,150.0,119.90003857762633,102.76695895249931,-2,0
150.0,150.0,104.54350548704899,80.06989073778502,87.29543792285772,-2,0
150.0,72.37912957670137,48.60119774458438,47.99326683077579,68.7908112198539,-1,1
150.0,150.0,150.0,138.45481261536378,150.0,-3,0
150.0,150.0,150.0,150.0,114.27090163760549,1,0
150.0,150.0,111.31998459306025,150.0,150.0,4,0
150.0,150.0,150.0,73.3831051143102,101.57264519426025,0,0
150.0,150.0,150.0,85.03663812595273,44.71275156901873,-1,0
150.0,150.0,150.0,61.89185556450461,39.792426181225466,-2,1
150.0,150.0,150.0,150.0,150.0,0,0
150.0,150.0,150.0,150.0,150.0,-2,0
150.0,150.0,150.0,150.0,150.0,0,0
150.0,150.0,150.0,150.0,150.0,1,0
150.0,150.0,150.0,150.0,150.0,0,0
150.0,150.0,150.0,150.0,150.0,-2,0
134.72340446735478,119.14921881299566,149.4930968591088,150.0,150.0,-2,0
95.38561309073812,107.03405053532157,150.0,150.0,150.0,-3,0
102.48474265233382,150.0,150.0,150.0,150.0,-4,0
150.0,150.0,150.0,150.0,150.0,-4,0
150.0,150.0,150.0,150.0,150.0,-5,0
150.0,150.0,150.0,150.0,150.0,-5,0
150.0,150.0,150.0,138.97269298064543,150.0,-4,0
150.0,115.469647719173,119.86622241569245,150.0,150.0,0,0
115.20598912358521,82.60935401746733,85.58581224816466,132.76762294393595,150.0,-3,0
55.17762890247225,58.70856058588247,95.12936457069947,150.0,150.0,-4,0
64.06363202443208,150.0,150.0,150.0,150.0,-5,0
150.0,150.0,150.0,150.0,150.0,-1,0
150.0,150.0,150.0,150.0,150.0,1,0
150.0,150.0,150.0,150.0,150.0,-1,0
150.0,150.0,150.0,150.0,150.0,1,0
150.0,150.0,150.0,137.2552204883383,150.0,-1,0
150.0,150.0,150.0,104.93228752937944,150.0,2,0
150.0,150.0,150.0,150.0,68.41244293141419,5,0
150.0,150.0,150.0,150.0,150.0,4,0
150.0,150.0,150.0,150.0,150.0,3,0
150.0,150.0,150.0,150.0,150.0,4,0
150.0,150.0,150.0,150.0,150.0,4,0
150.0,150.0,150.0,150.0,150.0,2,0
150.0,113.13763088191463,150.0,150.0,150.0,3,0
150.0,150.0,82.06438105738373,145.29729860970644,150.0,4,0
150.0,150.0,150.0,44.64954924303487,58.930991605023465,1,1
150.0,150.0,150.0,150.0,150.0,-1,0
150.0,150.0,150.0,150.0,150.0,-3,0
150.0,150.0,150.0,150.0,150.0,0,0
150.0,150.0,150.0,150.0,150.0,2,0
150.0,150.0,150.0,150.0,150.0,0,0
150.0,150.0,150.0,150.0,150.0,-3,0
150.0,150.0,150.0,150.0,150.0,-5,0
150.0,150.0,150.0,150.0,150.0,1,0
150.0,150.0,150.0,150.0,150.0,4,0
150.0,150.0,150.0,150.0,150.0,1,0
150.0,150.0,150.0,150.0,150.0,0,0
150.0,150.0,150.0,150.0,150.0,-2,0
150.0,150.0,150.0,150.0,150.0,2,0
150.0,150.0,150.0,150.0,150.0,2,0
145.58207151684095,150.0,150.0,138.40038597393684,137.64673416375066,0,0
127.65486074237485,150.0,150.0,112.11925027993057,111.60808284514427,1,0
128.37909974704814,150.0,150.0,96.8682225057389,85.74140184871868,-2,0
150.0,150.0,76.00440212629304,60.19034158260886,67.37130668174265,1,1
150.0,150.0,150.0,133.77256221911722,150.0,1,0
150.0,150.0,150.0,150.0,146.5212777554806,0,0
150.0,150.0,150.0,150.0,102.43266700056027,0,0
150.0,150.0,150.0,150.0,80.30083034679213,2,0
150.0,150.0,150.0,150.0,150.0,2,0
150.0,150.0,150.0,150.0,150.0,1,0
150.0,150.0,150.0,150.0,150.0,4,0
150.0,150.0,150.0,150.0,150.0,5,0
150.0,150.0,150.0,150.0,150.0,3,0
150.0,150.0,150.0,144.39784500710735,150.0,2,0
150.0,150.0,150.0,150.0,124.30190257397322,1,0
150.0,121.23832005501714,150.0,150.0,119.76339541343472,3,0
150.0,142.38210676426678,91.36097240779975,150.0,150.0,4,0
150.0,150.0,150.0,72.80133663502377,99.56164659424964,2,0
150.0,150.0,150.0,134.78392335101094,64.90197589465082,1,0
150.0,150.0,150.0,150.0,91.74464490690677,1,0
150.0,150.0,150.0,150.0,150.0,0,0
150.0,150.0,150.0,150.0,150.0,-2,0
150.0,150.0,150.0,150.0,141.9796502612752,0,0
150.0,150.0,150.0,150.0,150.0,0,0
150.0,150.0,150.0,150.0,150.0,-2,0
150.0,150.0,150.0,150.0,132.5702193288245,1,0
150.0,150.0,150.0,150.0,136.5731068090879,3,0
150.0,150.0,150.0,150.0,150.0,0,0
150.0,150.0,150.0,150.0,150.0,-1,0
150.0,150.0,150.0,150.0,150.0,-1,0
150.0,150.0,150.0,150.0,150.0,-2,0
150.0,150.0,150.0,150.0,150.0,-3,0
150.0,150.0,150.0,150.0,150.0,-3,0
150.0,150.0,135.82409657218017,150.0,150.0,-4,0
150.0,107.50280231539836,142.47248268476517,150.0,150.0,-3,0
94.90076379871105,133.0054179655343,150.0,150.0,150.0,-4,0
150.0,150.0,150.0,150.0,150.0,-4,0
150.0,150.0,150.0,150.0,150.0,-3,0
150.0,150.0,150.0,150.0,150.0,-3,0
150.0,150.0,150.0,150.0,150.0,-2,0
150.0,150.0,150.0,150.0,150.0,-2,0
150.0,150.0,150.0,150.0,150.0,-3,0
134.67375431885492,150.0,150.0,150.0,150.0,-1,0
126.96690844167085,150.0,150.0,111.11143922263159,150.0,0,0
118.73746195199351,150.0,150.0,130.0701256442127,102.6387950636253,0,0
110.32074761763758,150.0,150.0,150.0,68.78241720756336,2,0
93.23625109442764,99.0198438321466,150.0,150.0,137.34709517013277,4,0
118.01015481823201,69.78474641760988,64.11914943207223,83.73487921397957,150.0,2,1
150.0,44.25886329856653,30.659992916295202,30.7708508034921,44.91687661357134,2,1
150.0,134.21486569634388,112.93178925944514,150.0,150.0,2,0
150.0,150.0,124.07886333933295,101.11168531572115,150.0,0,0
150.0,150.0,93.04668719624033,75.90956326805595,87.45191103913122,0,0
150.0,150.0,55.909145858543944,45.74604079154853,52.58804186763423,0,1
150.0,131.21552947734838,110.34228633636002,131.21552947734838,150.0,-1,0
143.17522678497394,99.74525581392439,101.31850179516104,150.0,150.0,0,0
99.12947475576298,69.21424010645832,70.29694475837228,105.50093869744873,150.0,3,1
150.0,52.93409789868948,35.39839704590906,34.78249588380054,49.28162182812903,0,1
150.0,133.74680648108065,112.46521179991412,133.7468064807056,150.0,0,0
150.0,116.26259323741776,97.81463396204128,116.29373473290444,150.0,1,0
150.0,96.66045945878483,69.26625575337533,71.65857641789562,110.78762900107435,1,1
150.0,61.54511530841652,36.54126030050303,33.582987189518676,43.49460455640889,0,1
150.0,131.97400565165142,111.05066095474089,132.1464337262349,150.0,1,0
150.0,150.0,101.98811685573526,100.48804691915969,144.41986114081433,5,0
86.76363804872246,150.0,150.0,147.2868882101915,92.45136928910618,1,0
76.90886774542493,150.0,150.0,150.0,107.54558865339135,2,0
61.03669051322627,150.0,150.0,150.0,150.0,2,1
39.24729675129985,150.0,150.0,150.0,150.0,1,1
150.0,150.0,112.67891096679568,118.64127637645983,150.0,0,0
150.0,133.91948138149533,98.09585953574722,103.34417497672914,150.0,0,0
150.0,91.41375534487887,67.10603524265818,70.66432284922512,112.55487430089639,0,1
130.3181894906907,40.49898882816802,29.98271068360955,31.51605916451349,49.69547495337995,0,1
150.0,136.00058011318956,150.0,150.0,150.0,0,0
150.0,118.45765461335802,150.0,150.0,150.0,-3,0
82.81607281087736,150.0,150.0,150.0,150.0,0,0
90.14712337243952,150.0,150.0,150.0,150.0,5,0
150.0,55.19830243574585,120.20144375235225,150.0,150.0,2,1
150.0,150.0,150.0,150.0,150.0,0,0
150.0,150.0,150.0,143.287807437498,149.45792458032813,2,0
150.0,150.0,150.0,150.0,126.98784263592971,-1,0
150.0,150.0,150.0,123.8823973704564,111.57685076598632,2,0
150.0,150.0,150.0,150.0,104.73719725377958,4,0
